Бренд;Наименование детали;Цена (в рублях);Срок доставки (в днях)
QUATTRO FRENI QF33A00004;Ролик обводной;"от 700.00
1.5";3
FEBEST 2387-J4;Ролик натяжной;"от 1 378.00
2.0";1
MILES AG02051;Ролик ремня ГРМ;от 1 418.00;1
MILES AG02061;Ролик ремня ГРМ;от 1 522.00;1
VAG 036109243AB;Не указано;Не указано;Уточните у продавца
VAG 036 109 243 AG;Ролик натяжной;от 5 133;Уточните у продавца
QUATTRO FRENI QF33A00004;Ролик обводной;"от 700.00
1.5";Уточните у продавца
FENOX R32111;Ролик обводной;от 79;Уточните у продавца
SAT ST036109243AG;Ролик натяжной;от 809;Уточните у продавца
QUATTRO FRENI QF33A00003;Ролик натяжной;от 839;Уточните у продавца
ZENTPARTS Z23962;Ролик;от 1 ;Уточните у продавца
STELLOX 03-40107-SX;Ролик;от 1 038;Уточните у продавца
DELLO | AUTOMEGA 160008810;Ролик натяжной;от 1 053;Уточните у продавца
SAT ST036109243AF;Ролик натяжной;от 1 113;Уточните у продавца
STELLOX 03-40075-SX;Ролик натяжной;от 1 224;Уточните у продавца
VIKA 11090235401;Ролик натяжной;от 1 25;Уточните у продавца
DELLO | AUTOMEGA 160008910;Ролик натяжной;от 1 264;Уточните у продавца
JD JHR-0119;Ролик;от 1 283;Уточните у продавца
OSSCA 02508;Ролик натяжной;от 1 3;Уточните у продавца
FEBEST 2387-J4;Ролик натяжной;от 1 378;Уточните у продавца
SUFIX FP2189;Ролик ремня ГРМ;от 1 383;Уточните у продавца
MILES AG02051;Ролик ремня ГРМ;от 1 418;Уточните у продавца
GMB GTB0130;Ролик натяжной;от 1 431;Уточните у продавца
NAKAYAMA QB45320;Ролик ГРМ;от 1 474;Уточните у продавца
KRAUF RKZ1140ZB;Ролик натяжной;от 1 476;Уточните у продавца
ASVA | AKITAKA ADBP-001;Ролик натяжной;от 1 49;Уточните у продавца
FENOX R12126;Ролик натяжной;от 1 493;Уточните у продавца
MILES AG02061;Ролик ремня ГРМ;от 1 5;Уточните у продавца
BSG BSG 90-615-047;Ролик натяжной;от 1 548;Уточните у продавца
LYNX PB-1055;Ролик натяжной;от 1 568;Уточните у продавца
OSSCA 00047;Ролик натяжной;от 1 589;Уточните у продавца
FENOX R12125;Ролик натяжной;"от 1 668.00
5";Уточните у продавца
GMB GTB0140;Натяжитель ремня ГРМ;от 1 705;Уточните у продавца
ROSTECO 22350;Ролик ГРМ;от 1 767;Уточните у продавца
LYNX PB-1054;Ролик натяжной;"от 1 857.00
1";Уточните у продавца
BSG BSG 90-615-044;Ролик натяжной;от 1 871;Уточните у продавца
JP GROUP 1112202900;Ролик натяжной;от 1 98;Уточните у продавца
ZEKKERT SR-1349;Ролик натяжной;от 2 075;Уточните у продавца
TRUCKTEC 07.12.110;Ролик натяжной;от 2 683;Уточните у продавца
GATES T43149;Ролик натяжной;"от 2 767.00
1";Уточните у продавца
RUVILLE 55461;Ролик натяжной;от 2 781;Уточните у продавца
NEWSUN NS64.43;Ролик натяжной;от 3 14;Уточните у продавца
INA | LUK 531 0339 10;Ролик натяжной;"от 3 199.00
4";Уточните у продавца
NTN-SNR GT.35726;Ролик натяжной;от 3 306;Уточните у продавца
MAPCO 23896;Ролик натяжной;от 3 324;Уточните у продавца
GATES T43140;Ролик натяжителя;от 3 328;Уточните у продавца
NTN-SNR GT.35725;Ролик ремня ГРМ;от 3 491;Уточните у продавца
INA | LUK 531 0317 10;Ролик натяжной;"от 3 600.00
3.5";Уточните у продавца
FEBI 15888;Ролик ремня ГРМ;от 3 826;Уточните у продавца
VAG 036 109 243 AD;Ролик натяжной;от 4 23;Уточните у продавца
SKF VKM 11124;Ролик натяжной;"от 4 466.00
1";Уточните у продавца
OPTIMAL 0-N158;Ролик;от 4 504;Уточните у продавца
FEBI 11274;Натяжитель ремня;от 5 531;Уточните у продавца
MAGNETI MARELLI 331316170496;Натяжитель;от 5 659;Уточните у продавца
SKF VKM 11120;Ролик натяжной;"от 5 993.00
1";Уточните у продавца
VAG 036 109 243 AF;Ролик натяжной;от 6 706;Уточните у продавца
SKF VKMA 01122;Комплект ремня ГРМ;"от 9 013.00
3";Уточните у продавца
METELLI 30-0674-2;Комплект ремня ГРМ;от 9 48;Уточните у продавца
SKF VKMA 01121;Комплект ремня ГРМ;"от 11 853.00
3";Уточните у продавца
SKF VKMC 01122;Комплект ремня ГРМ;от 17 323;Уточните у продавца
HEPU PK05572;Комплект ремня;от 17 754;Уточните у продавца
SKF VKMC 01121-1;Комплект ремня ГРМ;от 17 86;Уточните у продавца
GRAF KP6742;Комплект ремня ГРМ;от 18 565;Уточните у продавца
SKF VKMA 01120;Комплект ремня ГРМ;от 18 817;Уточните у продавца
SKF VKMC 01121-2;Комплект ремня ГРМ;от 20 249;Уточните у продавца
HEPU PK05571;Комплект ремня ГРМ;от 25 034;Уточните у продавца
